disease,description,precautions,recommended_specialist
"(vertigo) Paroymsal  Positional Vertigo","A condition that causes brief episodes of dizziness or a spinning sensation, often triggered by changes in head position.","Move slowly when changing positions; avoid sudden head movements; maintain good hydration; seek medical evaluation for persistent or severe symptoms.","ENT Specialist / Neurologist"
"AIDS","A condition caused by advanced HIV infection that severely affects the immune system.","Practice safe sex; do not share needles; follow prescribed medical treatment; attend regular medical checkups.","Infectious Disease Specialist"
"Acne","A common skin condition that causes pimples, blackheads, whiteheads, or inflamed skin lesions.","Keep skin clean; avoid excessive touching or squeezing; use non-comedogenic products; seek care for severe acne.","Dermatologist"
"Alcoholic hepatitis","Inflammation and liver injury associated with excessive alcohol consumption.","Avoid alcohol; maintain a balanced diet; follow medical advice; seek evaluation for liver-related symptoms.","Gastroenterologist / Hepatologist"
"Allergy","An immune system reaction to substances that are usually harmless, such as pollen, dust, foods, or certain medicines.","Avoid known triggers; keep surroundings clean; follow prescribed allergy treatment; seek emergency care for severe breathing difficulty.","Allergist / Immunologist"
"Arthritis","A group of conditions involving joint inflammation, pain, stiffness, or reduced movement.","Maintain healthy weight; perform appropriate low-impact exercise; protect joints; follow medical treatment plans.","Rheumatologist / Orthopedic Specialist"
"Bronchial Asthma","A respiratory condition involving airway inflammation and narrowing that can cause breathing difficulty, wheezing, or coughing.","Avoid known triggers; follow prescribed inhaler treatment; monitor symptoms; seek urgent care for severe breathing difficulty.","Pulmonologist"
"Cervical spondylosis","Age-related changes in the bones and discs of the neck that may cause neck pain or stiffness.","Maintain good posture; avoid prolonged neck strain; perform recommended exercises; seek evaluation for weakness or numbness.","Orthopedic Specialist / Neurologist"
"Chicken pox","A contagious viral infection that commonly causes an itchy rash and fluid-filled blisters.","Avoid close contact with others while contagious; keep skin clean; avoid scratching; stay hydrated; seek medical advice for complications.","General Physician / Pediatrician"
"Chronic cholestasis","A condition involving reduced or impaired flow of bile from the liver, which may cause jaundice or itching.","Follow medical advice; avoid alcohol; maintain a balanced diet; seek evaluation for persistent jaundice or severe symptoms.","Gastroenterologist / Hepatologist"
"Common Cold","A common viral infection of the upper respiratory tract that may cause a runny nose, cough, sore throat, or congestion.","Rest adequately; drink fluids; maintain good hygiene; avoid unnecessary antibiotic use; seek care for persistent or severe symptoms.","General Physician"
"Dengue","A viral infection transmitted by mosquitoes that can cause fever, headache, muscle pain, and other symptoms.","Prevent mosquito bites; stay hydrated; monitor for warning signs; seek medical care for severe symptoms or bleeding.","General Physician / Infectious Disease Specialist"
"Diabetes ","A metabolic condition in which blood glucose levels remain elevated due to problems with insulin production or action.","Monitor blood glucose as advised; maintain a balanced diet; exercise appropriately; follow prescribed treatment.","Endocrinologist"
"Dimorphic hemmorhoids(piles)","Swollen veins in the lower rectum or anus that may cause discomfort, itching, or bleeding.","Increase dietary fiber; drink adequate fluids; avoid prolonged straining; seek medical evaluation for persistent bleeding.","General Surgeon / Gastroenterologist"
"Drug Reaction","An unwanted or harmful response to a medication that may range from mild skin reactions to serious allergic responses.","Do not take suspected medicines again without medical advice; inform healthcare providers about drug allergies; seek emergency help for breathing difficulty or swelling.","Allergist / Immunologist"
"Fungal infection","An infection caused by fungi that may affect the skin, nails, mouth, or other body areas.","Keep affected areas clean and dry; avoid sharing personal items; follow prescribed antifungal treatment; seek care for persistent infection.","Dermatologist"
"GERD","A digestive condition in which stomach contents frequently flow back into the esophagus, causing symptoms such as heartburn or regurgitation.","Avoid large meals; limit personal trigger foods; avoid lying down immediately after eating; maintain a healthy weight.","Gastroenterologist"
"Gastroenteritis","Inflammation of the stomach and intestines that may cause diarrhea, vomiting, abdominal discomfort, or fever.","Stay hydrated; wash hands frequently; eat light foods as tolerated; seek care for severe dehydration or persistent symptoms.","General Physician / Gastroenterologist"
"Heart attack","A medical emergency caused by reduced or blocked blood flow to the heart muscle.","Seek emergency medical attention immediately for chest pain or severe breathing difficulty; manage cardiovascular risk factors with professional guidance.","Cardiologist / Emergency Medicine Specialist"
"Hepatitis B","A viral infection that affects the liver and may become chronic in some people.","Avoid sharing needles or personal items that may carry blood; practice safer sex; follow medical monitoring and treatment.","Gastroenterologist / Hepatologist"
"Hepatitis C","A viral infection that affects the liver and may cause chronic liver disease if untreated.","Avoid sharing needles or blood-contaminated items; follow medical evaluation and treatment; avoid alcohol if advised.","Gastroenterologist / Hepatologist"
"Hepatitis D","A liver infection caused by hepatitis D virus that occurs in people with hepatitis B infection.","Follow medical care; avoid sharing blood-contaminated items; practice safer sex; attend regular liver monitoring.","Gastroenterologist / Hepatologist"
"Hepatitis E","A viral infection that primarily affects the liver and is often associated with contaminated food or water.","Maintain good food and water hygiene; wash hands regularly; seek medical evaluation for jaundice or persistent symptoms.","Gastroenterologist / Hepatologist"
"Hypertension ","A condition in which blood pressure remains consistently higher than the recommended range.","Monitor blood pressure; reduce excess salt intake; exercise appropriately; maintain a healthy weight; follow prescribed treatment.","Cardiologist / General Physician"
"Hyperthyroidism","A condition in which the thyroid gland produces excessive thyroid hormones, potentially causing increased heart rate, weight loss, or anxiety.","Follow medical evaluation; take prescribed medicines as directed; monitor symptoms; avoid self-medication.","Endocrinologist"
"Hypoglycemia","A condition in which blood glucose levels become lower than normal and may cause sweating, shakiness, confusion, or weakness.","Monitor blood glucose when appropriate; follow prescribed diabetes treatment; carry a suitable source of fast-acting glucose if advised.","Endocrinologist"
"Hypothyroidism","A condition in which the thyroid gland does not produce enough thyroid hormones, often causing fatigue, weight changes, or cold intolerance.","Follow prescribed thyroid treatment; attend regular monitoring; maintain a balanced diet; do not change medication dosage without medical advice.","Endocrinologist"
"Impetigo","A contagious bacterial skin infection that commonly causes sores or blisters, especially around the face and limbs.","Keep affected areas clean; avoid sharing towels or personal items; maintain hand hygiene; follow prescribed treatment.","Dermatologist"
"Jaundice","A condition characterized by yellowing of the skin or eyes due to elevated bilirubin levels and often associated with liver or blood-related conditions.","Seek medical evaluation to identify the underlying cause; avoid alcohol unless medically cleared; follow recommended treatment.","Gastroenterologist / Hepatologist"
"Malaria","A mosquito-borne infectious disease caused by parasites that can produce fever, chills, and other systemic symptoms.","Prevent mosquito bites; seek prompt medical evaluation for fever after travel to malaria-risk areas; complete prescribed treatment.","Infectious Disease Specialist"
"Migraine","A neurological condition that can cause recurring headaches, often with nausea or sensitivity to light and sound.","Identify and avoid personal triggers; maintain regular sleep and hydration; follow prescribed treatment; seek care for unusual or severe headaches.","Neurologist"
"Osteoarthristis","A degenerative joint condition involving breakdown of joint tissues that can cause pain and stiffness.","Maintain a healthy weight; perform appropriate low-impact exercise; protect joints; follow professional treatment recommendations.","Orthopedic Specialist / Rheumatologist"
"Paralysis (brain hemorrhage)","Loss of movement or weakness that may occur following bleeding in the brain and requires urgent medical evaluation.","Seek emergency medical attention immediately for sudden weakness, facial drooping, speech difficulty, or other stroke-like symptoms.","Neurologist / Emergency Medicine Specialist"
"Peptic ulcer diseae","An open sore that develops in the lining of the stomach or upper small intestine and may cause abdominal pain or bleeding.","Avoid unnecessary use of ulcer-triggering medicines; follow prescribed treatment; seek urgent care for vomiting blood or black stools.","Gastroenterologist"
"Pneumonia","An infection of the lungs that can cause cough, fever, chest discomfort, and breathing difficulty.","Seek medical evaluation for significant respiratory symptoms; rest and hydrate; follow prescribed treatment; seek urgent care for severe breathing difficulty.","Pulmonologist / General Physician"
"Psoriasis","A chronic inflammatory skin condition that causes areas of thickened, scaly, or irritated skin.","Keep skin moisturized; identify personal triggers; follow prescribed treatment; avoid scratching affected areas.","Dermatologist"
"Tuberculosis","An infectious disease caused by bacteria that most commonly affects the lungs and may cause prolonged cough, fever, or weight loss.","Seek medical evaluation for persistent symptoms; follow prescribed treatment exactly; follow public health guidance regarding infectious disease precautions.","Pulmonologist / Infectious Disease Specialist"
"Typhoid","A bacterial infection commonly associated with contaminated food or water that may cause prolonged fever and digestive symptoms.","Maintain safe food and water practices; wash hands frequently; seek medical evaluation for persistent fever; complete prescribed treatment.","General Physician / Infectious Disease Specialist"
"Urinary tract infection","An infection affecting parts of the urinary system that may cause painful urination, frequent urination, or lower abdominal discomfort.","Stay hydrated; maintain good hygiene; seek medical evaluation for persistent symptoms, fever, or back pain; follow prescribed treatment.","General Physician / Urologist"
"Varicoseveins","Enlarged and twisted veins, commonly occurring in the legs, which may cause discomfort or swelling.","Avoid prolonged standing or sitting; exercise regularly; elevate legs when appropriate; seek medical evaluation for significant swelling or pain.","Vascular Surgeon"
"hepatitis A","A viral liver infection commonly transmitted through contaminated food or water and often causing fatigue, nausea, or jaundice.","Maintain good hand and food hygiene; avoid contaminating food for others; seek medical evaluation for jaundice or persistent symptoms.","Gastroenterologist / Hepatologist"